id,createdAt,updatedAt,link,companyId,title,locationChoice,locationOther,location,payType,payMin,payMax,payMidpoint,priority,datePosted,deadlineChoice,deadline,appliedStatus,appliedDate,applicationStatus,lastHeardFrom,responseStatus,responseDate,screenStatus,screenDate,interviewStatus,interviewDate,assessmentStatus,assessmentDate,finalStatus,finalStatusDate,applicationNeeds,referenceCount,jobLevel,favoriteJob,jobTypes,roles,roleOther,descriptionFilename,descriptionLength
3a5af8bd-268e-42a8-b8e7-8d5d97f1c71a,2026-09-10T08:38:46.974Z,2026-09-10T08:38:46.974Z,https://hdhl.fa.us6.oraclecloud.com/hcmUI/CandidateExperience/en/sites/CX_1/job/1007338/?keyword=gis&lastSelectedFacet=LOCATIONS&mode=location&selectedLocationsFacet=300000000361862,3f90992e-6b45-4f19-9f4f-98705c83bc85,Geospatial Analyst,Other,DMV,DMV,Salary,53600,75000,64300,High,2026-08-21,Blank,,,,,,,,,,,,,,,,,,Jr,FALSE,Full-time,Geospatial Analyst,,stantec-geospatial-analyst-3a5af8bd.txt,7501
a07c919a-696b-44c9-8256-1c8bbcf78935,2026-09-10T08:28:03.512Z,2026-09-10T08:28:03.512Z,https://careers.cherokee-federal.com/en/sites/careers/job/43615/?location=United+States&locationId=300000000471434&locationLevel=country&mode=job-location,82cd7685-001f-4861-be63-00f5a2476df8,Data Scientist,Other,"Atlanta, GA","Atlanta, GA",Salary,90000,95000,92500,High,2026-09-05,ASAP,,,,,,,,,,,,,,,,,,Jr,FALSE,Full-time,Data Analyst,,cherokee-federal-data-scientist-a07c919a.txt,6085
8a23ab74-32e6-4b63-9339-deb8db0165fd,2026-09-10T08:26:48.454Z,2026-09-10T08:26:48.454Z,https://careers.cherokee-federal.com/en/sites/careers/job/43616/?location=United+States&locationId=300000000471434&locationLevel=country&mode=job-location,82cd7685-001f-4861-be63-00f5a2476df8,Public Health Data & Documentation Specialist,Other,"Atlanta, GA","Atlanta, GA",Salary,70000,72000,71000,High,2026-09-04,ASAP,,,,,,,,,,,,,,,,,,Mid,FALSE,Full-time,Data Governance,,cherokee-federal-public-health-data-documentation-specialis-8a23ab74.txt,7127
324df1af-088e-4f03-87d5-19c1714ae262,2026-09-10T08:24:15.579Z,2026-09-10T08:24:15.579Z,https://www.usajobs.gov/job/883641500,87fe20e5-76fe-4f0d-86bd-0f947d1b10b4,Geographer,Other,DMV,DMV,Salary,85447,133142,109294.5,Urgent,2026-09-04,Select Date,2026-09-11,,,,,,,,,,,,,,,Resume; Transcript,,Mid,FALSE,Full-time,Geospatial Analyst,,us-census-bureau-geographer-324df1af.txt,1046
2b90e99d-fc06-4302-99d9-5cca7dfdd5b9,2026-09-09T08:18:59.445Z,2026-09-10T08:20:12.599Z,https://www.google.com/about/careers/applications/jobs/results/100648618540573382-software-engineering-intern-bs-summer-2027,ce8e0ed2-6315-4782-9340-dfed6a36db51,"Software Engineering Intern, BS, Summer 2027",Other,Silicon Valley,Silicon Valley,Salary,98000,131000,114500,Medium,,Select Date,2026-09-25,,,,,,,,,,,,,,,,,Intern,TRUE,Internship,Software Engineer,,google-software-engineering-intern-bs-summer-2027-2b90e99d.txt,7689
7457c078-43c5-4c0e-9475-95cc336c0d88,2026-08-30T07:23:48.058Z,2026-09-10T07:57:27.615Z,https://acleddata.bamboohr.com/careers/332,0749aa70-c090-427e-a832-cc8afccb64a1,Visualization and Digital Communication Specialist,Remote,,Remote,Salary,42000,45000,43500,Urgent,,ASAP,,,,,,,,,,,,,,,,CV; Cover Letter; Writing Sample; Portfolio,,,TRUE,Full-time,Data Viz,,acled-visualization-and-digital-communication-sp-7457c078.txt,3841
5e02be60-7a4d-4d34-83c5-9f0d53cd8271,2026-09-10T07:47:20.861Z,2026-09-10T07:47:20.861Z,https://jobs.empower.com/job/-/-/42743/100398468848?source=Linkedin,715fd96c-a476-4e0c-85b1-2c4121e8f28f,Data Governance Analyst,Remote,,Remote,Salary,79400,112175,95787.5,Urgent,2026-09-09,Select Date,2026-09-16,,,,,,,,,,,,,,,,,Mid,TRUE,Full-time,Data Governance,,empower-data-governance-analyst-5e02be60.txt,5969
56a38b88-f14c-429e-a2eb-49ec673ead99,2026-09-10T07:35:24.167Z,2026-09-10T07:35:24.167Z,https://www.google.com/about/careers/applications/jobs/results/132315893450318534-data-analytics-apprenticeship-february-2027-start,ce8e0ed2-6315-4782-9340-dfed6a36db51,"Data Analytics Apprenticeship, February 2027 Start",Other,"Atlanta, GA","Atlanta, GA",Salary,47500,63500,55500,Urgent,,Select Date,2026-09-21,,,,,,,,,,,,,,,,,Intern,TRUE,Internship,Data Analyst,,google-data-analytics-apprenticeship-february-202-56a38b88.txt,4681
597862d2-f742-4678-b2a1-63d2684f9e73,2026-09-10T07:32:40.919Z,2026-09-10T07:32:40.919Z,https://www.disneycareers.com/en/job/anaheim/senior-gis-technical-specialist/391/100100148720,a4a37859-757f-4226-90e5-c08818fb019a,Senior GIS Technical Specialist,Other,"Los Angeles, CA","Los Angeles, CA",Salary,95500,128000,111750,High,2026-09-02,Blank,,,,,,,,,,,,,,,,,,Sr,TRUE,Full-time,Geospatial Analyst,,disney-senior-gis-technical-specialist-597862d2.txt,7733
f2a30b73-2152-40f0-a2ba-e34fb1733fff,2026-09-10T07:20:32.040Z,2026-09-10T07:25:20.328Z,https://jobs.ashbyhq.com/mapbox/70f696ab-48c5-4fdc-b548-a59161e64fe7,d7ee9216-82c1-4a96-adc7-15beed903ba0,"Software Development Engineer II, Traffic",Remote,,Remote,Salary,160650,217350,189000,Medium,,ASAP,,,,,,,,,,,,,,,,Resume; Portfolio,,Mid,FALSE,Full-time,Software Engineer,,mapbox-software-development-engineer-ii-traffic-f2a30b73.txt,6512
00924052-00c7-4bcb-aa23-ffff27fcb98c,2026-09-10T07:17:13.864Z,2026-09-10T07:17:13.864Z,https://carto.pinpointhq.com/en/postings/beb1eec0-7ca6-44fc-8fce-aec3f3330088,3fa0d7fa-6151-4676-8b0a-580258d387d5,Senior Software Engineer — Spatial Analytics & Open Formats,Remote,,Remote,,,,,Future,,Blank,,No,,,,,,,,,,,,,,,,Sr,FALSE,Full-time,Software Engineer,,carto-senior-software-engineer-spatial-analytics-00924052.txt,5429
dd79d51e-3a56-43cb-97e2-96aaf02b7b6a,2026-09-10T05:51:59.036Z,2026-09-10T05:52:07.810Z,,7824f226-18cb-42bc-8776-a40577f1d554,Geospatial Data Operations Specialist,"Missoula, MT",,"Missoula, MT",Hourly,25.75,,,Urgent,2026-04-16,Blank,,Yes,2026-04-22,Ghosted,2026-05-18,Yes,2026-05-01,Yes,2026-05-08,Yes,2026-05-18,No,,Ghosted,,Resume; Cover Letter,,Jr,TRUE,Full-time,Imagery Analyst,,,0
c71763ae-7f17-4118-9688-74dc10a4aab1,2026-09-10T05:46:25.708Z,2026-09-10T05:46:40.778Z,,819b6841-07a0-432a-929d-7ee055ea7297,GIS Specialist and Data Specialist for FEWS NET 8 Knowledge Base,Other,"Washington, DC","Washington, DC",Salary,105000,115000,110000,Urgent,2024-11-04,Select Date,2024-11-18,Yes,2024-11-08,Ghosted,,No,,No,,No,,No,,Ghosted,,CV; Cover Letter,,Mid,TRUE,Full-time,Geospatial Analyst,,chemonics-gis-specialist-and-data-specialist-for-few-c71763ae.txt,8642
3f4c9b33-163e-436d-ba46-d42dab451f53,2026-09-09T10:17:03.849Z,2026-09-09T10:17:03.849Z,https://www.linkedin.com/jobs/view/4361578007/,a1ee3fe5-69b4-4eb2-8516-0d43577d74e4,Sr. GIS Specialist,Other,DMV,DMV,,,,,High,2026-01-01,Blank,,Yes,2026-03-01,Ghosted,,No,,No,,No,,No,,Ghosted,,Resume,,Sr,FALSE,Full-time,Geospatial Analyst,,chartis-federal-sr-gis-specialist-3f4c9b33.txt,3237
40f1ce1e-78be-490c-8bd7-ed8ae95b880d,2026-09-09T10:09:24.250Z,2026-09-09T10:09:24.250Z,https://www.linkedin.com/jobs/view/4345967738/,2a5c3346-ecaf-470b-8d30-5a030989615a,Data Governance Analyst,Other,"Denver, CO","Denver, CO",Hourly,38,46,42,Low,2026-01-01,Blank,,Yes,2026-02-01,Ghosted,,No,,No,,No,,No,,Ghosted,,Resume,,Mid,FALSE,Full-time,Data Governance,,kelly-mitchell-group-data-governance-analyst-40f1ce1e.txt,1832
34399f9e-ef7c-4be8-a377-d0a1e06b5d74,2026-09-09T10:03:56.400Z,2026-09-09T10:03:56.400Z,https://www.linkedin.com/jobs/view/4362634667/,c0e57801-2dbf-4540-8fee-982010e645d6,Redistricting & Mapping Specialist I,Other,"Austin, TX","Austin, TX",Salary,55008,,,Medium,2026-01-09,Blank,,Yes,2026-02-01,Ghosted,,No,,No,,No,,No,,Ghosted,,Resume,,Jr,TRUE,Full-time,Geospatial Analyst,,texas-legislative-council-redistricting-mapping-specialist-i-34399f9e.txt,4209
b2336ecc-0fac-4fca-b73d-d542595cca1d,2026-09-09T09:58:54.193Z,2026-09-09T09:58:54.193Z,https://www.linkedin.com/jobs/view/4351980743/,b8000b16-cc56-49e7-92b9-284f25c6ba60,Seasonal GIS Analyst,Other,"Minneapolis, MN","Minneapolis, MN",Hourly,23,24,23.5,Medium,2026-01-01,Blank,,Yes,2026-02-01,Ghosted,,No,,No,,No,,No,,Ghosted,,Resume,,Jr,FALSE,Full-time,Geospatial Analyst,,john-deere-seasonal-gis-analyst-b2336ecc.txt,3223
8e638cb8-14b4-4457-9de6-31f77805abfc,2026-08-22T06:10:36.222Z,2026-09-09T08:48:39.508Z,https://www.linkedin.com/jobs/view/4454415032/,72a3f2ee-d979-4fdf-81cf-9c94a3eead53,Founder Operations Associate,"Missoula, MT",,"Missoula, MT",,,,,Low,2026-08-18,Blank,,Yes,2026-08-21,Ghosted,,No,,No,,No,,No,,Ghosted,,Resume,,Jr,FALSE,Full-time,Ops / Mgmt,,stepranger-founder-operations-associate-8e638cb8.txt,5167
e451fd82-2754-46e0-9e7b-67b685413930,2026-09-09T08:45:25.931Z,2026-09-09T08:46:54.603Z,https://www.linkedin.com/jobs/view/4348186945/,6322b19b-017c-4e09-b7fc-6c95323a8db5,Junior Open Source Intelligence Analyst,Other,"San Francisco, CA","San Francisco, CA",Salary,65000,75000,70000,Medium,,Blank,,Yes,2025-11-01,Ghosted,,No,,No,,No,,No,,Ghosted,,,,Jr,FALSE,Full-time,Geopolitical Risk,,control-risks-junior-open-source-intelligence-analyst-e451fd82.txt,5078
cea1a290-0f44-4964-8b76-82be434ab28a,2026-08-22T06:20:02.894Z,2026-09-09T08:45:44.571Z,https://www.linkedin.com/jobs/view/4426884048/,eec6f02a-190a-4202-9588-d2b39f871bad,Geospatial Analyst,Other,DMV,DMV,,,,,Medium,2026-06-22,Blank,,Yes,2026-06-22,Ghosted,,No,,No,,No,,No,,Ghosted,,Resume,,Jr,TRUE,Full-time,Imagery Analyst,,geo-owl-geospatial-analyst-cea1a290.txt,7667
8e363c5d-1b8d-4ebf-9d9e-7624ffdd8172,2026-09-09T08:39:58.987Z,2026-09-09T08:45:34.397Z,https://www.linkedin.com/jobs/view/4292178226/,715b751c-1783-4e84-bfd1-69fe0902216c,Geospatial Analyst,Other,DMV,DMV,Salary,80000,90000,85000,Medium,,Blank,,Yes,2025-10-01,Ghosted,,No,,No,,No,,No,,Ghosted,,Resume,,Jr,FALSE,Full-time,Intelligence,,mission-essential-geospatial-analyst-8e363c5d.txt,2230
cc3bb5a5-03cc-4bfb-83af-68d870bd833f,2026-08-22T06:13:20.550Z,2026-09-09T08:42:17.283Z,https://www.linkedin.com/jobs/view/4428529994/,914421a6-4d33-4f60-9b8a-afb6306b3189,Junior Data Scientist,Other,"Nanterre, Île-de-France, France","Nanterre, Île-de-France, France",,,,,High,2026-07-20,Blank,,Yes,2026-07-31,Ghosted,,No,,No,,No,,No,,Ghosted,,Resume,,Jr,TRUE,Full-time,Data Analysis,,vinci-junior-data-scientist-cc3bb5a5.txt,4026
5a9bd56a-df9c-4de2-af9f-c5f33dcedb89,2026-09-09T07:56:34.461Z,2026-09-09T08:35:10.028Z,https://stemgateway.nasa.gov/s/course-offering/a0BSJ000007eJhR2AU/research-intern-in-public-health-impact-assessment,b647c7de-36b7-4740-b922-9e3004075aaf,NASA OSTEM- Research Intern in Public Health Impact Assessment,Other,"Hampton, VA","Hampton, VA",,,,,High,2026-06-12,Select Date,2026-09-14,,,,,,,,,,,,,,,Resume; Cover Letter; Transcript; References,,Intern,TRUE,Internship,Remote Sensing,,nasa-research-intern-in-public-health-impact-as-5a9bd56a.txt,1317
8e80dc83-393f-4c68-9b5c-8a9562ed569c,2026-09-09T07:59:04.996Z,2026-09-09T08:35:02.837Z,https://stemgateway.nasa.gov/s/course-offering/a0BSJ000007rtNJ2AY/disaster-response-geospatial-research,b647c7de-36b7-4740-b922-9e3004075aaf,NASA OSTEM - Disaster Response Geospatial Research,Other,"Hampton, VA","Hampton, VA",,,,,High,2026-06-12,Select Date,2026-09-14,,,,,,,,,,,,,,,Resume; Cover Letter; Transcript; References,,Intern,TRUE,Internship,Remote Sensing,,nasa-nasa-pathways-disaster-response-geospatial-8e80dc83.txt,3168
20b09a37-ec17-43f2-a51c-2148d0eec43c,2026-09-09T08:08:18.111Z,2026-09-09T08:30:23.659Z,https://jobs.apple.com/en-us/details/200664785-3810/software-undergrad-engineering-internships?team=STDNT,5c3a7b53-9119-4789-95bc-91cf95f79c8f,Software Undergrad Engineering Internships,,,,,,,,Upcoming,2026-05-31,Blank,,,,,,,,,,,,,,,,,,Intern,FALSE,Internship,Software Engineer,,apple-software-undergrad-engineering-internships-20b09a37.txt,4727
c139b823-80f2-4f8d-9a48-b635ed3734a4,2026-09-09T08:29:47.891Z,2026-09-09T08:29:47.891Z,https://www.nga.mil/careers/Student_Opportunities.html,472fea42-2486-4a45-b71b-0c2143df3cd3,NGA Internship,Other,DMV,DMV,,,,,Upcoming,,ASAP,,,,,,,,,,,,,,,,,,Intern,TRUE,Internship,Intelligence,,,0
c902ddb0-b158-4ece-933d-28935ed66e12,2026-08-31T00:32:00.100Z,2026-09-09T08:28:00.493Z,https://www.amazon.jobs/en/jobs/10519667/geospatial-data-engineer-ww-sustainability,1cde1baf-9bb2-4230-b516-14207c5f2edd,Geospatial Data Engineer,Other,"Seattle, WA","Seattle, WA",Salary,132100,178800,155450,Medium,,Blank,,,,,,,,,,,,,,,,,,Mid,TRUE,Full-time,Data Engineering,,amazon-geospatial-data-engineer-c902ddb0.txt,5046
01ffcb5a-a0ca-40b3-8ced-98d00523d1c7,2026-09-01T18:13:13.218Z,2026-09-09T08:27:50.029Z,https://www.governmentjobs.com/careers/kingcounty/jobs/5453987/senior-gis-engineer,f1cf7fec-6ad8-431e-be7e-d08c639dee80,Senior GIS Engineer,Other,Seattle,Seattle,Salary,123947.20,157110.10,140528.65,Medium,2026-08-31,Select Date,2026-09-21,,,,,,,,,,,,,,,Resume; Cover Letter,,Sr,TRUE,Full-time,GIS / Geospatial,,king-county-washington-job-01ffcb5a.txt,9487
b97e791c-ce49-41e6-be7c-2a653e686b5d,2026-09-08T12:14:20.524Z,2026-09-09T08:27:46.108Z,https://worldbankgroup.csod.com/ux/ats/careersite/1/home/requisition/38183?c=worldbankgroup&sq=req38183,2f73ef77-0f1c-40de-8b1b-d7b05510bf1a,E T Consultant- Geospatial Data Scientist,Other,"Washington, DC","Washington, DC",Salary,,,,Medium,2026-08-31,Select Date,2026-09-14,,,,,,,,,,,,,,,,,Sr,TRUE,Full-time,Geospatial Analyst,,world-bank-e-t-consultant-geospatial-data-scientist-b97e791c.txt,11191
fcf4e116-62e3-4700-94af-bb6abdb959db,2026-08-31T00:42:30.917Z,2026-09-09T08:27:41.861Z,https://missoulacounty.wd12.myworkdayjobs.com/en-US/MSCO/job/Web-Applications-Analyst_R88,3ff49903-d136-4fa4-a79c-eb6155356676,Web Applications Analyst,"Missoula, MT",,"Missoula, MT",Hourly,33.59,,,Low,2026-08-21,Select Date,2026-09-04,,,,,,,,,,,,,,,Resume; Cover Letter,,,FALSE,Full-time,QA Testing,,missoula-county-web-applications-analyst-fcf4e116.txt,4672
b2e4fe6c-803d-4b65-880b-998e036beda6,2026-08-31T00:48:43.108Z,2026-09-09T08:27:33.724Z,https://www.paycomonline.net/v4/ats/web.php/portal/349B7859D7A7DB5AC3481945A1AE3FFB/jobs/333470,0b3d87b2-df3d-4af5-ab68-8087f96831a9,Supply Chain Manager,"Missoula, MT",,"Missoula, MT",,,,,Low,2026-07-31,Blank,,,,,,,,,,,,,,,,,,Mid,FALSE,Full-time,Supply Chain Manager,,young-innovations-supply-chain-manager-b2e4fe6c.txt,5338
40fc2e92-7476-4530-afc9-60cc8bae0665,2026-08-28T05:26:55.940Z,2026-09-09T08:27:29.445Z,https://theirc.wd1.myworkdayjobs.com/en-US/External_Careers/job/Missoula-MT-USA/Economic-Empowerment-Program-Manager_JR00004322?source=LinkedIn,26c56e4b-7b19-40cf-99be-14e205bd7293,Economic Empowerment Program Manager,"Missoula, MT",,"Missoula, MT",Salary,79326,85000,82163,Low,2026-07-31,ASAP,,,,,,,,,,,,,,,,,,,FALSE,Full-time,Program Management,,irc-economic-empowerment-program-manager-40fc2e92.txt,10742
069fa905-47d9-4888-a6bf-a93f399e9c25,2026-08-22T06:43:46.150Z,2026-09-09T08:26:56.333Z,https://jobs.smartrecruiters.com/Salomon/744000141698288-supply-planner-apparel,f78070d4-c4cf-4893-92fc-89134deff13b,"Supply Planner, Apparel",Other,"Annecy, France","Annecy, France",,,,,Medium,2026-08-07,ASAP,,,,,,,,,,,,,,,,,,,FALSE,Full-time,Supply Chain,,salomon-supply-planner-apparel-069fa905.txt,5366
8a5a89d0-01db-4293-8522-99ea866c4915,2026-08-04T12:51:03.077Z,2026-09-09T08:25:58.750Z,https://www.ranenetwork.com/about/career-page,e960d95b-e94e-43bc-bb0a-c441d6b6e9bf,Europe Geopolitical Analyst,Remote,,Remote,Salary,65000,75000,70000,Urgent,2026-08-01,Blank,,,,,,,,,,,,,,,,Resume; Cover Letter,,,TRUE,Full-time,Intelligence / Risk,,rane-stratfor-europe-geopolitical-analyst-8a5a89d0.txt,4885
75e7768d-e786-4e19-a2ff-5d732155c770,2026-09-08T09:29:31.810Z,2026-09-09T08:25:19.853Z,https://job-boards.greenhouse.io/thenewyorktimes/jobs/4725227005,b14bf2a9-0263-40ca-b00d-832ab4d726e7,"Senior Analyst, Data and Insights",Other,"New York, NY","New York, NY",Salary,101000,114000,107500,High,2026-08-24,Blank,,,,,,,,,,,,,,,,Resume,,Sr,TRUE,Full-time,Data Analyst,,new-york-times-senior-analyst-data-and-insights-75e7768d.txt,3569
fe655e9e-fc24-4dfd-aced-158988273dc0,2026-09-09T08:24:53.238Z,2026-09-09T08:25:05.564Z,https://www.google.com/about/careers/applications/jobs/results/72704944984990406-data-engineer-google-maps,ce8e0ed2-6315-4782-9340-dfed6a36db51,"Data Engineer, Google Maps",Other,Silicon Valley,Silicon Valley,,106000,150000,128000,High,,ASAP,,,,,,,,,,,,,,,,,,Jr,TRUE,Full-time,Data Engineer,,google-data-engineer-google-maps-fe655e9e.txt,3162
64a6c7c4-88d4-45d2-8921-09908ce9ccd8,2026-09-09T08:11:27.954Z,2026-09-09T08:22:04.411Z,https://apply.careers.microsoft.com/careers/job/1970393556958168,38f2533e-00f0-47da-81a0-19e7a963698f,Supply Chain Program Management Intern,Other,"Seattle, WA","Seattle, WA",Salary,56400,100200,78300,Medium,2026-08-10,ASAP,,,,,,,,,,,,,,,,,,Intern,FALSE,Internship,Supply Chain Manager,,microsoft-supply-chain-program-management-intern-64a6c7c4.txt,3779
f8e2c1a8-6292-4e37-a419-ba6b477b188e,2026-09-09T08:21:06.260Z,2026-09-09T08:21:06.260Z,https://www.google.com/about/careers/applications/jobs/results/100966617919169222-project-management-apprenticeship-february-2027-start,ce8e0ed2-6315-4782-9340-dfed6a36db51,"Project Management Apprenticeship, February 2027 Start",Other,"Austin, TX","Austin, TX",Salary,54000,72000,63000,Medium,,Select Date,2026-09-21,,,,,,,,,,,,,,,,,Intern,FALSE,Internship,Project Manager,,google-project-management-apprenticeship-february-f8e2c1a8.txt,4865
391ce49c-6bfc-4b08-b795-70b358f2b00f,2026-08-11T21:18:39.818Z,2026-09-09T08:13:04.852Z,https://job-boards.greenhouse.io/submittable/jobs/6123387004,2431b23f-368d-49b9-8333-5641748ea8e3,"AI Automation Intern, Business Operations","Missoula, MT",,"Missoula, MT",Hourly,16,18,17,Medium,2026-05-31,Blank,,,,,,,,,,,,,,,,Resume; Cover Letter,,Intern,FALSE,Internship,AI Engineering,,submittable-ai-automation-intern-business-operations-391ce49c.txt,4633
7b2f66e9-caa5-40e1-9a10-01a6a79026ce,2026-09-09T08:04:59.308Z,2026-09-09T08:04:59.308Z,https://stemgateway.nasa.gov/s/course-offering/a0BSJ000007vUYP2A2/foundation-model-benchmarking-for-irrigation-mapping,b647c7de-36b7-4740-b922-9e3004075aaf,NASA OSTEM - Foundation Model Benchmarking for Irrigation Mapping,Other,DMV,DMV,,,,,High,2026-06-12,Select Date,2026-09-14,,,,,,,,,,,,,,,Resume; Cover Letter; Transcript; References,,Intern,TRUE,Internship,Remote Sensing,,nasa-nasa-ostem-foundation-model-benchmarking-f-7b2f66e9.txt,2398
378e0103-e107-499f-9a8b-0885c17081a5,2026-09-09T08:02:09.556Z,2026-09-09T08:02:09.556Z,https://www.nasa.gov/learning-resources/internship-programs/,b647c7de-36b7-4740-b922-9e3004075aaf,OSTEM Internship,,,,,,,,Upcoming,2026-09-15,Select Date,2027-02-26,,,,,,,,,,,,,,,Resume; Cover Letter; Transcript; References,,Intern,TRUE,Internship,Remote Sensing,,nasa-ostem-internship-378e0103.txt,775
0b611963-bcb0-47dc-bc66-361ec8e6d9db,2026-09-08T12:18:24.709Z,2026-09-09T07:57:24.118Z,https://jobs.iadb.org/job/IDB_-Intern-to-Support-GIS-Data-and-Documentation/3445-en_US,92dfecc0-69d8-4a71-a3ad-b3eb53d09f12,Intern to Support GIS Data and Documentation,Other,"Washington, DC","Washington, DC",,,,,High,2026-08-25,Select Date,2026-09-25,,,,,,,,,,,,,,,,,Intern,TRUE,Internship,Geospatial Analyst,,inter-american-development-bank-intern-to-support-gis-data-and-documentati-0b611963.txt,7822
3f28c50c-e337-4969-8a85-1376b2374ac5,2026-09-08T12:21:56.435Z,2026-09-09T07:56:58.364Z,https://jobs-us.pwc.com/us/en/job/757257WD/Technology-Consulting-Geographic-Information-Systems-Intern-Summer-2027,e53281ee-c15a-4f3c-979a-85699883dd10,Technology Consulting - Geographic Information Systems Intern - Summer 2027,Other,"Rosemont, IL","Rosemont, IL",Hourly,29.25,48,38.625,Urgent,,ASAP,,,,,,,,,,,,,,,,,,Intern,TRUE,Internship,Geospatial Analyst,,pwc-technology-consulting-geographic-informati-3f28c50c.txt,4055
79a43136-62cd-40aa-83e1-ec9caa35bb73,2026-08-04T12:59:11.170Z,2026-09-09T07:54:09.948Z,https://www.governmentjobs.com/careers/bozeman,bb568595-8fe8-4784-9038-37591497dfd6,GIS Analyst,Other,"Bozeman, MT","Bozeman, MT",,,,,Upcoming,,Blank,,,,,,,,,,,,,,,,,,,TRUE,Full-time,GIS / Geospatial,,,0
835a8eb7-9e06-4bc5-b679-375abc8968fd,2026-09-09T07:28:10.834Z,2026-09-09T07:50:44.142Z,https://www.nasa.gov/careers/pathways/pathways-opportunities/,b647c7de-36b7-4740-b922-9e3004075aaf,Pathways Internship,,,,,,,,Upcoming,2026-09-21,Select Date,2026-09-25,,,,,,,,,,,,,,,Resume; Cover Letter; Transcript; References,,Intern,TRUE,Internship,Software Engineer,,nasa-pathways-internship-835a8eb7.txt,8423
20e62f8a-783b-4190-b29c-eb6a49a4db2b,2026-09-09T07:13:22.664Z,2026-09-09T07:50:12.684Z,https://www.nationalgeographic.org/about/careers/internships,846fb23c-19c1-446d-b7fd-628f6e546572,Nat Geo Intern,Other,"Washington, DC","Washington, DC",,,,,Upcoming,2027-01-18,Select Date,2027-02-26,,,,,,,,,,,,,,,Resume; Cover Letter,,Intern,TRUE,Internship,Cartographer,,national-geographic-future-nat-geo-intern-20e62f8a.txt,132
b718ff4e-7cd8-4c93-845e-49720b954c15,2026-09-08T12:10:05.901Z,2026-09-08T12:11:14.236Z,https://careers.ibm.com/en_US/careers/JobDetail?jobId=127643&source=WEB_Search_NA,32bfc02f-af59-4cca-850e-67a35e71d59d,Federal Consulting Intern 2027,Other,DMV,DMV,Salary,47160,86460,66810,Urgent,2026-09-07,ASAP,,,,,,,,,,,,,,,,,,Intern,TRUE,Internship,Consultant,,ibm-federal-consulting-intern-2027-b718ff4e.txt,5740
354b8291-8679-45d5-a541-c03d89761a55,2026-09-08T12:06:18.644Z,2026-09-08T12:10:19.693Z,https://careers.ibm.com/en_US/careers/JobDetail?jobId=127790&source=WEB_Search_NA,32bfc02f-af59-4cca-850e-67a35e71d59d,Federal Associate Data Scientist 2027,Other,DMV,DMV,Salary,62160,93240,77700,High,2026-08-07,Blank,,,,,,,,,,,,,,,,,,Jr,TRUE,Full-time,Data Analyst,,ibm-federal-associate-data-scientist-2027-354b8291.txt,5398
d5436845-f143-4e03-a110-eba57bfa8a3c,2026-09-08T07:51:17.817Z,2026-09-08T11:29:55.843Z,https://wd1.myworkdaysite.com/recruiting/abinbev/USA/job/St-Louis-Missouri/University-Functional-Trainee-Programs-in-Procurement--Brewery---Manufacturing-Operations--or-Logistics_30102600-1?utm_medium=Ripplematch%20Job%20Post&utm_source=Ripplematch&utm_campaign=EarlyCareer-All&source=Ripplematch,678707ad-ae95-46ae-8f46-bd0f9f81d1ee,"University Functional Trainee Programs in Procurement, Brewery & Manufacturing Operations, or Logistics",Other,"St Louis, MO","St Louis, MO",Salary,80000,86500,83250,Urgent,2026-08-28,Blank,,Yes,2026-09-08,In-progress,,No,,No,,No,,No,,,,Resume,,Intern,FALSE,Internship,Supply Chain,,anheuser-busch-university-functional-trainee-programs-in--d5436845.txt,10656
ad90f5c9-6ab1-4ef5-a23f-101c50832846,2026-09-08T09:17:49.754Z,2026-09-08T10:05:25.084Z,,6f3fd425-d53a-446a-b64f-d9232d3e5fab,Customer Experience Lead,"Missoula, MT",,"Missoula, MT",Hourly,18.19,,,Low,,Blank,,Yes,2026-04-28,Accepted,2026-05-19,Yes,2026-05-05,No,,Yes,2026-05-15,No,,Accepted,2026-05-19,,,PT,FALSE,Part-time,Retail / Customer Service,,,0
b7143039-66f5-46f9-802c-c8752952abf6,2026-08-22T06:15:34.190Z,2026-09-08T10:03:39.633Z,https://www.linkedin.com/jobs/view/4444366278/,cb49c952-e2e3-47a3-a4c6-5b42d35e1b67,Data Engineer,Other,Silicon Valley,Silicon Valley,Hourly,60,70,65,Medium,2026-07-21,Blank,,Yes,2026-07-30,Ghosted,,No,,No,,No,,No,,Ghosted,,Resume,,Mid,TRUE,Full-time,Data Engineering,Data Engineering,meta-data-engineer-b7143039.txt,1907
81957e7e-d298-42c0-bf9d-671d106e2c92,2026-09-03T08:28:04.941Z,2026-09-08T10:00:24.530Z,https://app.ripplematch.com/v2/public/job/192fe145?from_page=company_branded_page,ceb09f22-6a2c-4dcb-8356-67bdd8daf154,GIS Engineer Internship,Other,"Redlands, CA","Redlands, CA",Hourly,31,36,33.5,Urgent,2026-09-01,Select Date,2026-12-31,Yes,2026-09-03,In-progress,,No,,No,,No,,No,,,,Resume,,Intern,TRUE,Internship,Data Engineer,,esri-gis-engineer-internship-81957e7e.txt,2963
ef437871-565e-4718-ae14-73da598c9c0c,2026-09-03T08:32:51.340Z,2026-09-08T10:00:16.042Z,https://app.ripplematch.com/v2/public/job/587966c2?from_page=company_branded_page,ceb09f22-6a2c-4dcb-8356-67bdd8daf154,Software Development Engineer Internships,Other,"Redlands, CA","Redlands, CA",Hourly,38,46,42,Urgent,2026-09-01,Select Date,2026-12-31,Yes,2026-09-03,In-progress,,No,,No,,No,,No,,,,Resume,,Intern,FALSE,Internship,Software Engineer,,esri-software-development-engineer-internships-ef437871.txt,3163
e25b26ab-a46a-4b25-82e4-4a86ac990c5a,2026-09-03T08:26:15.180Z,2026-09-08T09:59:44.732Z,https://app.ripplematch.com/v2/public/job/5569341b?from_page=company_branded_page,ceb09f22-6a2c-4dcb-8356-67bdd8daf154,Product Engineering Internship,Other,"Redlands, CA","Redlands, CA",Hourly,33,38,35.5,Urgent,2026-09-01,Select Date,2026-12-31,Yes,2026-09-03,In-progress,2026-09-03,Yes,2026-09-03,No,,No,,No,,,,Resume,,Intern,TRUE,Internship,Product Engineer,,esri-product-engineering-internship-e25b26ab.txt,2839
1a9b9d5f-97c4-4dbd-a5ab-d07f8690de11,2026-09-02T05:54:52.478Z,2026-09-08T09:33:27.178Z,https://theimpactproject.org/data-scientist/,a5ac0b25-0a52-4e95-b0bf-ed40cd6d9bbf,Data Scientist/Engineer,Remote,,Remote,Salary,105000,135000,120000,Future,,Blank,,,,,,,,,,,,,,,,,,Mid,FALSE,Full-time,Data Analyst,,the-impact-project-data-scientist-engineer-1a9b9d5f.txt,5711
f60e782c-152e-405a-af7c-cf9f112a3eef,2026-09-08T09:31:59.666Z,2026-09-08T09:31:59.666Z,https://job-boards.greenhouse.io/thenewyorktimes/jobs/4706625005,b14bf2a9-0263-40ca-b00d-832ab4d726e7,"Graphics/Multimedia Editor, Elections Data Developer (Election Analytics)",Other,"Washington, DC","Washington, DC",,114000,155000,134500,Future,2026-07-01,Blank,,No,,,,,,,,,,,,,,,,Mid,TRUE,Full-time,Data Engineer,,new-york-times-graphics-multimedia-editor-elections-data--f60e782c.txt,5297
a00710bb-381b-404d-8c36-820f9d01ab59,2026-09-08T09:22:43.641Z,2026-09-08T09:24:02.145Z,https://www.schooljobs.com/careers/ummissoula/jobs/5472232/temporary-language-instructors-defense-language-and-security-studies-program,35c9abb5-82dc-4036-baeb-a13a53bf42cd,"Temporary Language Instructors, Defense Language and Security Studies Program","Missoula, MT",,"Missoula, MT",,,,,Urgent,2026-09-03,ASAP,,,,,,,,,,,,,,,,Resume; Cover Letter; References,3,PT,FALSE,Part-time,,,university-of-montana-temporary-language-instructors-defense-lan-a00710bb.txt,6282
a38e6083-1666-4626-8f2c-5b356fe5fcb1,2026-08-11T23:16:08.896Z,2026-09-08T09:23:52.314Z,https://careers.michaels.com/us/en/job/R00322732/PT-Merch-Mgr,1f57d56a-2b8f-4b12-ba19-16eb0be18ea7,PT Merchandise Manager,"Missoula, MT",,"Missoula, MT",Hourly,,,,High,2026-08-23,ASAP,,,,,,,,,,,,,,,,,,PT,FALSE,Part-time,Retail / Customer Service,,michaels-pt-merchandise-manager-a38e6083.txt,3367
96588b64-b612-421c-89e8-db77b33c5c3b,2026-09-08T07:45:36.753Z,2026-09-08T09:10:22.275Z,https://job-boards.greenhouse.io/thenewyorktimes/jobs/4728037005,b14bf2a9-0263-40ca-b00d-832ab4d726e7,"Journalist, Graphics Intensive",Other,"New York, NY","New York, NY",Salary,82415,,,Urgent,2026-08-28,Select Date,2026-09-30,,,,,,,,,,,,,,,,,Intern,TRUE,Internship,Data Visualization,Data Visualization,new-york-times-journalist-graphics-intensive-96588b64.txt,6131
2e5b28f5-0e6a-46fc-96c6-10f164a9a573,2026-08-14T01:08:35.157Z,2026-09-07T04:54:47.844Z,https://careers.thehersheycompany.com/job/Hershey-Sr-Analyst-Customer-Supply-Chain-Drug-PA-17033/1391430500/,f84b2d04-a59e-4d86-81ea-e854fdb41e27,Sr Analyst Customer Supply Chain,Remote,,Remote,Salary,80000,110000,95000,Urgent,2026-08-10,ASAP,,Yes,2026-08-20,Rejected,2026-09-06,No,,No,,No,,No,,Rejected,2026-09-06,Resume; Cover Letter,,Mid,TRUE,Full-time,Supply Chain,Supply Chain,hershey-sr-analyst-customer-supply-chain-2e5b28f5.txt,5186
9ed49b1b-09fe-4799-811d-6146a9fedc2c,2026-08-11T22:49:03.481Z,2026-08-25T05:55:13.881Z,https://wp1-ext.usps.gov/sap/bc/webdynpro/sap/hrrcf_a_posting_apply?PARAM=cG9zdF9pbnN0X2d1aWQ9MDA1MDU2QUU1QTNCMUZFMUE0QUE5QjA0QjM1MUY3MEUmY2FuZF90eXBlPUVYVA%3d%3d&sap-theme=Custom_tradeshow_2&sap-client=010&sap-language=EN#,cc92addf-62b8-4250-ac7b-2aac8e371d70,Carrier,Other,"Arlee, MT","Arlee, MT",Hourly,21.89,,,Future,,Select Date,2026-08-11,No,,,,,,,,,,,,,,,,PT,FALSE,Part-time,Postman,Postman,usps-carrier-9ed49b1b.txt,7969
3fd95272-48e3-4e48-b7e0-546002e8b374,2026-08-11T22:37:39.410Z,2026-08-25T05:54:17.552Z,https://www.esri.com/careers/5096282007?title=product-engineer-ii-arcgis-arcade&gh_jid=5096282007,ceb09f22-6a2c-4dcb-8356-67bdd8daf154,Product Engineer II – ArcGIS Arcade,Other,"Cardiff, United Kingdom","Cardiff, United Kingdom",Salary,50000,78500,64250,Future,,Blank,,No,,,,,,,,,,,,,,Resume; Cover Letter,,,TRUE,Full-time,GIS / Geospatial,,esri-product-engineer-ii-arcgis-arcade-3fd95272.txt,4620
ecf9140a-a8b3-4e10-aacc-4e060480256e,2026-07-23T03:46:48.916Z,2026-08-25T05:52:31.914Z,https://understandingwar.bamboohr.com/careers/234,82f8790a-fa6f-4f90-9b86-657f2c9f0168,Geospatial Intelligence and National Security Technologies Internship,Remote,,Remote,Salary,0,12000,6000,Future,,Select Date,2026-07-24,No,,,,,,,,,,,,,,Resume; Cover Letter; Writing Sample; Portfolio,,Intern,FALSE,Internship,Intelligence / Risk,,institute-for-the-study-of-war-geospatial-intelligence-and-national-secur-ecf9140a.txt,6607
1f98eaed-290f-42d0-9edf-fe2198310019,2026-08-11T22:35:01.450Z,2026-08-25T05:52:20.322Z,https://www.esri.com/careers/5012634007?title=devops-engineer-i-arcgis-enterprise&gh_jid=5012634007,ceb09f22-6a2c-4dcb-8356-67bdd8daf154,DevOps Engineer I - ArcGIS Enterprise,Other,"Redlands, CA","Redlands, CA",Salary,79040,133016,106028,Future,,Blank,,No,,,,,,,,,,,,,,Resume,,Jr,TRUE,Full-time,Software Development,Software Development,esri-devops-engineer-i-arcgis-enterprise-1f98eaed.txt,4526
59c2dc4a-3e0d-4d22-ab33-8348a81aadc4,2026-07-26T04:44:29.759Z,2026-08-25T05:51:52.322Z,https://careers-kaukahi.icims.com/jobs/3322/utility-gis-analyst/job?mobile=false&width=1033&height=500&bga=true&needsRedirect=false&jan1offset=-420&jun1offset=-360,9489bb7a-3900-40ee-8b22-c46197a8f4c5,Utility GIS Analyst,Remote,,Remote,Salary,50000,70000,60000,Future,2026-07-08,Blank,,No,,,,,,,,,,,,,,Resume; Cover Letter,,,FALSE,Full-time,GIS / Geospatial,,kaukahi-utility-gis-analyst-59c2dc4a.txt,7061
0417acba-2c54-4657-9cfe-d8cb047db56f,2026-08-22T06:38:49.846Z,2026-08-25T05:51:44.369Z,https://careers.thalesgroup.com/global/en/job/TGPTGWGLOBALR0323855EXTERNALENGLOBAL/Business-Analyst-Supply-Chain-F-H?utm_source=linkedin&utm_medium=phenom-feeds,f0bf646e-e339-49e9-8854-ae09a12f1807,Business Analyst Supply Chain,Other,"Vélizy-Villacoublay, Yvelines, France","Vélizy-Villacoublay, Yvelines, France",,,,,Future,2026-08-18,Blank,,No,,,,,,,,,,,,,,,,Mid,TRUE,Full-time,Supply Chain,Supply Chain,thales-business-analyst-supply-chain-0417acba.txt,3787
d7a4101c-275e-42d4-8586-b88d878d945e,2026-07-26T04:40:37.905Z,2026-08-25T05:51:28.554Z,https://www.gjc.org/cgi-bin/showjob.pl?id=1784121442,b6c59867-28ff-4901-ba09-96d7366c61da,Senior Geospatial Analyst,Remote,,Remote,,,,,Future,2026-07-14,Blank,,No,,,,,,,,,,,,,,Resume,,,FALSE,Full-time,GIS / Geospatial,,connected-nation-senior-geospatial-analyst-d7a4101c.txt,5491
db364965-bbbd-437d-992f-1fc564afeeb7,2026-08-22T06:42:20.430Z,2026-08-25T05:51:15.937Z,https://careers.theheinekencompany.com/job/heineken-france/france/data-analyst-supply-chain-confirmee-fh-rueil-malmaison,6f3c4d3c-8718-4a8d-9adf-d9959221c477,Data Analyst Supply Chain,Other,"Rueil, France","Rueil, France",,,,,Future,2026-08-07,Blank,,No,,,,,,,,,,,,,,,,,FALSE,Full-time,Supply Chain Analyst,Supply Chain Analyst,heineken-data-analyst-supply-chain-db364965.txt,1811
41aa092a-b440-4385-9c52-de3973e92b48,2026-07-26T04:36:30.266Z,2026-08-25T05:51:05.994Z,https://jobs.dayforcehcm.com/en-US/iaffhq/CANDIDATEPORTAL/jobs/296,70174f73-69ee-44f1-a76b-b2b1fabc993f,GIS Analyst,Other,"Washington, DC","Washington, DC",Salary,87493.24,87493.24,87493.24,Future,2026-07-06,Blank,,No,,,,,,,,,,,,,,Resume; Cover Letter,,,FALSE,Full-time,GIS / Geospatial,,international-association-of-fire-fighters-gis-analyst-41aa092a.txt,3548
a5bcba66-0102-4524-8a8d-aa18138f52b2,2026-08-15T05:34:05.988Z,2026-08-25T05:50:56.674Z,https://www.usajobs.gov/job/756730800,33acbb3c-b735-47eb-8e9a-d82ca8193c88,Cartographer,Other,"Washington, DC","Washington, DC",Salary,68202,172579,120390.5,Future,2026-07-01,Select Date,2026-09-30,No,,,,,,,,,,,,,,,,,TRUE,Full-time,Cartographer,Cartographer,cia-cartographer-a5bcba66.txt,3274
39ba295b-8114-43e1-bc5c-27ea3627d53b,2026-07-26T04:30:09.889Z,2026-08-25T05:50:43.993Z,https://recruiting2.ultipro.com/mdu1000mdur/jobboard/34f4650a-2ede-45d5-b029-51238e91cb36/opportunitydetail?opportunityid=d4df1efe-362b-4c8d-bc6f-706b0ef0af66,902fa283-82b2-47c4-940c-a04b73b35eaa,GIS Technician,Other,"Glendive, MT","Glendive, MT",Hourly,24.52,30.65,27.585,Future,2026-07-12,Select Date,2026-08-12,No,,,,,,,,,,,,,,,,,FALSE,Full-time,GIS / Geospatial,,wbi-energy-gis-technician-39ba295b.txt,3360
d96da32e-113e-46d2-bd00-fc5abf30db5c,2026-07-26T23:34:20.179Z,2026-08-25T05:50:32.777Z,https://job-boards.greenhouse.io/accenturefederalservices/jobs/4681811006?gh_jid=4681811006&gh_src=17d6aa496us,d7687978-32b2-484b-bb4b-ed1dcfaeb088,Supply Chain Modeling & Analytics Consultant,Other,"Washington, DC","Washington, DC",Salary,91300,184900,138100,Future,2026-07-19,Select Date,2026-08-31,No,,,,,,,,,,,,,,Resume,,,FALSE,Full-time,Consulting,Consulting,accenture-supply-chain-modeling-analytics-consultant-d96da32e.txt,4669
f4c3c334-693c-49d9-b095-12982ae1911e,2026-07-26T23:24:51.699Z,2026-08-25T05:49:59.058Z,https://careers.chevron.com/job/-/-/35016/98098366944?source=LinkedIn,85b18b0e-4a94-4449-a034-c93967f5bbae,Geopolitical Risk Analyst - Maritime and Transnational,Other,"Washington, DC","Washington, DC",Salary,158600,237800,198200,Future,2026-07-24,Select Date,2026-08-04,No,,,,,,,,,,,,,,,,,TRUE,Full-time,Intelligence / Risk,,chevron-geopolitical-risk-analyst-maritime-and-tra-f4c3c334.txt,5471
1a1defc6-bbea-4121-beed-c3f7ee1a7cde,2026-07-26T04:52:47.449Z,2026-08-25T05:49:52.265Z,https://www.google.com/about/careers/applications/jobs/results/134072750359618246-business-analyst-youtube?q=data&sort_by=date,ce8e0ed2-6315-4782-9340-dfed6a36db51,Business Analyst,Other,"San Bruno, CA","San Bruno, CA",Salary,100000,142000,121000,Future,,Select Date,2026-07-31,No,,,,,,,,,,,,,,Resume; Cover Letter,,,FALSE,Full-time,Data Analysis,,google-business-analyst-1a1defc6.txt,4084
c0ea99b1-20b9-4c98-96b5-11da5c2e4489,2026-07-26T04:25:53.833Z,2026-08-25T05:49:36.962Z,https://mtstatejobs.taleo.net/careersection/200/jobdetail.ftl?job=506736,94ac752d-1ea1-40c7-a134-18a5d3a91acc,GIS Analyst,Other,"Helena, MT","Helena, MT",Hourly,36.72,39.79,38.254999999999995,Future,2026-07-15,Select Date,2026-07-30,No,,,,,,,,,,,,,,Resume; Cover Letter,,,TRUE,Full-time,GIS / Geospatial,,state-of-montana-gis-analyst-c0ea99b1.txt,6674
5c45ff70-984d-4f3e-8c08-c5a2049fe794,2026-07-26T23:26:50.237Z,2026-08-25T05:49:23.914Z,https://jobs.bnsf.com/us/en/job/BRSBRWUS95561EXTERNALENUS/Data-Scientist-I-II-Remote-US?utm_source=LinkedIn&utm_medium=phenom-feeds,6b285222-5db0-4239-8ba1-dc0eb16d1f21,Data Scientist I/II,Remote,,Remote,Salary,,,,Future,2026-07-20,Select Date,2026-07-27,No,,,,,,,,,,,,,,,,,FALSE,Full-time,Data Analysis,,bnsf-railway-data-scientist-i-ii-5c45ff70.txt,6529
03043437-c5e0-45f2-9039-2a29f0dcfeea,2026-07-26T04:20:02.417Z,2026-08-25T05:47:26.634Z,https://mtstatejobs.taleo.net/careersection/200/jobdetail.ftl?job=26141584&tz=GMT-06%3A00&tzname=America%2FDenver,94ac752d-1ea1-40c7-a134-18a5d3a91acc,Research Analyst,"Missoula, MT",,"Missoula, MT",Hourly,34.49,37.43,35.96,Future,2026-07-16,Select Date,2026-07-27,No,,,,,,,,,,,,,,Resume; Cover Letter,,,FALSE,Full-time,Research,,state-of-montana-research-analyst-03043437.txt,10960
c95bbfd4-220d-44ed-ae7f-dee2f49bb6b7,2026-07-23T03:50:53.916Z,2026-08-25T05:17:54.945Z,https://jobs.smartrecruiters.com/SibyllineLtd/744000138198449-embedded-junior-intelligence-analyst,d99c6dca-9a4a-4775-b12f-1ca2568988ad,Embedded Junior Intelligence Analyst,Remote,,Remote,Salary,80000,85000,82500,Future,,Select Date,2026-07-23,No,,,,,,,,,,,,,,Resume,,Jr,FALSE,Full-time,Intelligence / Risk,,sibylline-embedded-junior-intelligence-analyst-c95bbfd4.txt,7240
41411cca-f186-4b90-bbe7-aff350f6b966,2026-07-25T07:27:26.360Z,2026-08-25T05:17:16.633Z,https://jobs.smartrecruiters.com/SibyllineLtd/744000138191090-embedded-intelligence-analyst,d99c6dca-9a4a-4775-b12f-1ca2568988ad,Embedded Intelligence Analyst,Remote,,Remote,Salary,95000,105000,100000,Future,,Select Date,2026-07-23,No,,,,,,,,,,,,,,Resume; Cover Letter; Writing Sample,,Mid,FALSE,Full-time,Intelligence / Risk,,sibylline-embedded-intelligence-analyst-41411cca.txt,7684
fd0af881-3413-4540-a429-a0709c9dd0f4,2026-07-26T04:56:27.223Z,2026-08-25T05:14:10.211Z,,ce8e0ed2-6315-4782-9340-dfed6a36db51,"Technical Program Manager I, Geographic Information Systems, Cloud Networking",Other,"Austin, TX","Austin, TX",Salary,117000,166000,141500,Future,2026-05-23,Select Date,2026-06-05,No,,,,,,,,,,,,,,,,,FALSE,Full-time,GIS / Geospatial,,google-technical-program-manager-i-geographic-inf-fd0af881.txt,3727
2623a4b3-e6ca-4744-8d42-762a70ffc2dd,2026-08-15T05:20:49.549Z,2026-08-25T05:13:46.834Z,https://www.usajobs.gov/job/880714300,041ea9d7-9652-46f2-9cf0-9d43600ae6f5,Cartographer,Other,"Reston, VA","Reston, VA",Salary,61722,145468,103595,Future,2026-08-15,Blank,,No,,,,,,,,,,,,,,Resume; Transcript,,,TRUE,Full-time,Cartographer,Cartographer,dept-of-interior-cartographer-2623a4b3.txt,16346
9f2a1caf-a87c-4244-aabd-30ad0cf84fc1,2026-08-19T01:51:27.774Z,2026-08-25T05:12:54.322Z,https://www.usajobs.gov/job/880568400,09663008-7cb3-48e8-acd9-3a656ac627f0,Geologist (Map Editor),Other,"Reston, VA","Reston, VA",Salary,61722,145468,103595,Future,2026-08-14,Select Date,2026-09-03,No,,,,,,,,,,,,,,Resume,,,TRUE,Full-time,Cartographer,Cartographer,usgs-geologist-map-editor-9f2a1caf.txt,13426
45d6cddf-2808-4b1c-9824-fdc012e48a64,2026-07-23T03:41:12.404Z,2026-07-23T03:41:12.404Z,https://recruiting.paylocity.com/Recruiting/Jobs/Details/3845342,dc2aedb7-469e-4aa0-b49a-661c6badc9dd,Geospatial Data Analyst,"Missoula, MT",,"Missoula, MT",,,,,Urgent,2026-07-15,ASAP,,,,,,,,,,,,,,,,,,,TRUE,Full-time,GIS / Geospatial,,rocky-mountain-elk-foundation-geospatial-data-analyst-45d6cddf.txt,6903